{
	"LumaWipe.Type.BarndoorBottomLeft": "barndoor-botleft.png",
	"LumaWipe.Type.BarndoorHorizontal": "barndoor-h.png",
	"LumaWipe.Type.BarndoorTopLeft": "barndoor-topleft.png",
	"LumaWipe.Type.BarndoorVertical": "barndoor-v.png",
	"LumaWipe.Type.BlindsHorizontal": "blinds-h.png",
	"LumaWipe.Type.BoxBottomLeft": "box-botleft.png",
	"LumaWipe.Type.BoxBottomRight": "box-botright.png",
	"LumaWipe.Type.BoxTopLeft": "box-topleft.png",
	"LumaWipe.Type.BoxTopRight": "box-topright.png",
	"LumaWipe.Type.Burst": "burst.png",
	"LumaWipe.Type.CheckerboardSmall": "checkerboard-small.png",
	"LumaWipe.Type.Circles": "circles.png",
	"LumaWipe.Type.Clock": "clock.png",
	"LumaWipe.Type.Cloud": "cloud.png",
	"LumaWipe.Type.Curtain": "curtain.png",
	"LumaWipe.Type.Derezzed-ParallelZigzagHorizontalLarge": "derez-parallel-zigzag-h-lg.png",
	"LumaWipe.Type.Derezzed-ParallelZigzagHorizontalSmall": "derez-parallel-zigzag-h-sm.png",
	"LumaWipe.Type.Derezzed-Top": "derez-top.png",
	"LumaWipe.Type.Derezzed-ZigzagHorizontal": "derez-zigzag-h.png",
	"LumaWipe.Type.Fan": "fan.png",
	"LumaWipe.Type.Fractal": "fractal.png",
	"LumaWipe.Type.Godzilla1": "Godzilla_1.png",
	"LumaWipe.Type.Godzilla2": "Godzilla_2.png",
	"LumaWipe.Type.HeartsVertical": "hearts-v.png",
	"LumaWipe.Type.Iris": "iris.png",
	"LumaWipe.Type.LinearHorizontal": "linear-h.png",
	"LumaWipe.Type.LinearTopLeft": "linear-topleft.png",
	"LumaWipe.Type.LinearTopRight": "linear-topright.png",
	"LumaWipe.Type.LinearVertical": "linear-v.png",
	"LumaWipe.Type.LogoHorizontal": "logo-h.png",
	"LumaWipe.Type.LogoVertical": "logo-v.png",
	"LumaWipe.Type.Matrix": "matrix.png",
	"LumaWipe.Type.ParallelZigzagHorizontal": "parallel-zigzag-h.png",
	"LumaWipe.Type.ParallelZigzagVertical": "parallel-zigzag-v.png",
	"LumaWipe.Type.Ryzen": "ryzen-h.png",
	"LumaWipe.Type.Sinus9": "sinus9.png",
	"LumaWipe.Type.Spiral": "spiral.png",
	"LumaWipe.Type.Square": "square.png",
	"LumaWipe.Type.Squares": "squares.png",
	"LumaWipe.Type.Stripes": "stripes.png",
	"LumaWipe.Type.StripsHorizontal": "strips-h.png",
	"LumaWipe.Type.StripsVertical": "strips-v.png",
	"LumaWipe.Type.Transporter": "transporter.png",
	"LumaWipe.Type.Watercolor": "watercolor.png",
	"LumaWipe.Type.ZigzagHorizontal": "zigzag-h.png",
	"LumaWipe.Type.ZigzagVertical": "zigzag-v.png"
}
